상태,피그마,key,en,lo,ko,비고
번역 완료,,1 tone,1 tone,1 ໂທນສີ,,
번역 완료,,1:1 size,1:1 size,ຂະຫນາດ 1:1,,
번역 완료,,2 selected,2 selected,2 ລາຍການທີ່ຖືກເລືອກ,,
번역 완료,,2 tone,2 tone,2 ໂທນສີ,,
번역 완료,,2WD,2WD,ຂັບເຄື່ອນສອງລໍ້,,
번역 완료,,3 tone,3 tone,3 ໂທນສີ,,
번역 완료,,4:3 size,4:3 size,ຂະຫນາດ 4:3,,
번역 완료,,4WD,4WD,ຂັບເຄື່ອນສີ່ລໍ້,,
번역 완료,,8-20 characters,8-20 characters,8-20 ຕົວອັກສອນ,,
번역 완료,,12 branches selected,12 branches selected,12 ສາຂາທີ່ຖືກເລືອກ,,
번역 완료,,16:9 size,16:9 size,ຂະຫນາດ 16:9,,
번역 완료,,360° photo,360° photo,ກ້ອງ 360°,,
번역 완료,,ABS/EBD,ABS/EBD,ABS/EBD,,
번역 완료,,Activated,Activated,ເປີດນຳໃຊ້ແລ້ວ,,
번역 완료,,Ad image,Ad image,ຮູູບພາຍໂຄສະນາ,,
번역 완료,,Add,Add,ເພີ່ມ,,
번역 완료,,Add a car,Add a car,ເພີ່ມລົດ,,
번역 완료,,Add a model,Add a model,ເພີ່ມລຸ້ນ,,
번역 완료,,Add a sub category color,Add a sub category color,ເພີ່ມສີໝວດໝູ່ຍ່ອຍ,,
번역 완료,,Add a trim,Add a trim,ເພີ່ມລາຍການຕົບແຕ່ງ,,
번역 완료,,Add banner,Add banner,ເພີ່ມ ປ້າຍໂຄສະນາ,,
번역 완료,,Add branch,Add branch,ເພີ່ມ ສາຂາ,,
번역 완료,,Add color,Add color,ເພີ່ມສີ,,
번역 완료,,Add main category color,Add main category color,ເພີ່ມສີໝວດໝູ່ຫຼັກ,,
번역 완료,,Add manager,Add manager,ເພີ່ມຜູ້ຈັດການ,,
번역 완료,,Add middle banner,Add middle banner,ເພີ່ມ ປ້າຍໂຄສະນາຊ່ວງກາງ,,
번역 완료,,Add native ad,Add native ad,ເພີ່ມ ໂຄສະນາ,,
번역 완료,,Add notice,Add notice,ເພີ່ມແຈ້ງການ,,
번역 완료,,Add option,Add option,ເພີ່ມອອບຊັ່ນ,,
번역 완료,,Add popup,Add popup,ເພີ່ມການແຈ້ງເຕືອນ,,
번역 완료,,Add the color,Add the color,ເພີ່ມສີ,,
번역 완료,,Add top banner,Add top banner,ເພີ່ີ່ມປ້າຍໂຄສະນາເທິງສຸດ,,
번역 완료,,Additional cost(s),Additional cost(s),ຕົ້ນທຶນເພີ່ມ,,
번역 완료,,Address,Address,ທີ່ຢູ່,,
번역 완료,,Admin,Admin,ຜູ້ບໍລິຫານ,,
번역 완료,,Advertisement,Advertisement,ໂຄສະນາ,,
번역 완료,,Age,Age,ອາຍຸ,,
번역 완료,,Air conditioner,Air conditioner,ລະບົບແອເຢັນ,,
번역 완료,,Alarm,Alarm,ສັນຍານເຕືອນ,,
번역 완료,,All,All,ທັງໝົດ,,
번역 완료,,All the information you've entered will be lost.,All the information you've entered will be lost.,ຂໍ້​ມູນ​ທັງ​ຫມົດ​ທີ່​ທ່ານ​ຕື່ມໃສ່ໄດ້ຖືກ​ຫາຍ​ໄປ​.,,
번역 완료,,All(agreed marketing notice),All(agreed marketing notice),ທັງຫມົດ (ເຫັນດີຮັບແຈ້ງການການຕະຫລາດ),,
번역 완료,,Android,Android,Android,,
번역 완료,,Android auto & car play,Android auto & car play,Android auto & car play,,
번역 완료,,Answered,Answered,ວັນທີ ຕອບກັບ,,
번역 완료,,Apply,Apply,ສະໝັກ,,
번역 완료,,Are you sure you want to cancel the purchase? You can’t undo this action.,Are you sure you want to cancel the purchase? You can’t undo this action.,ທ່ານແນ່ໃຈບໍ່ວ່າ ຈະຍົກເລີກການຊື້?ທ່ານສາມາດກັບຄືນສູ່ຂັ້ນຕອນກ່ອນຫນ້າ,,
번역 완료,,"Are you sure you want to delete the banner?
You can’t undo this action.","Are you sure you want to delete the banner?
You can’t undo this action.","ທ່ານແນ່ໃຈບໍ່ວ່າຕ້ອງການລຶບ ປ້າຍໂຄສະນາ?
ລຶບແລ້ວ ທ່ານບໍ່ສາມາດກັບຄືນ.",,
번역 완료,,"Are you sure you want to delete the manager?
You can’t undo this action.","Are you sure you want to delete the manager?
You can’t undo this action.","ທ່ານແນ່ໃຈບໍ່ວ່າຕ້ອງການລຶບ ຜູ້ຈັດການ?
ລຶບແລ້ວ ທ່ານບໍ່ສາມາດກັບຄືນ.",,
번역 완료,,"Are you sure you want to delete this branch?
You can’t undo this action.","Are you sure you want to delete this branch?
You can’t undo this action.","ທ່ານແນ່ໃຈບໍ່ວ່າຕ້ອງການລຶບ ສາຂາ?
ລຶບແລ້ວ ທ່ານບໍ່ສາມາດກັບຄືນ.",,
번역 완료,,Are you sure you want to delete this native ad? You can't undo this action.,Are you sure you want to delete this native ad? You can't undo this action.,ທ່ານແນ່ໃຈບໍ່ວ່າຕ້ອງການລຶບ ໂຄສະນາ?ລຶບແລ້ວ ທ່ານບໍ່ສາມາດກັບຄືນ.,,
번역 완료,,Are you sure you want to delete this popup? You can't undo this action.,Are you sure you want to delete this popup? You can't undo this action.,ທ່ານແນ່ໃຈບໍ່ວ່າຕ້ອງການລຶບການແຈ້ງເຕືອນນີ້ອອກ? ທ່ານບໍ່ສາມາດຍົກເລີກຄຳສັ່ງນີ້ໄດ້.,,
번역 완료,,Are you sure you want to pause sales? The status will be changed for productization.,Are you sure you want to pause sales? The status will be changed for productization.,ທ່ານແນ່ໃຈບໍ່ວ່າຕ້ອງການຢຸດການຂາຍຊົ່ວຄາວ?ສະຖານະຈະຖືກປ່ຽນເປັນການຜະລິດ.,,
번역 완료,,Are you sure you want to pin the notice?You can pin up to 5 posts.,Are you sure you want to pin the notice?You can pin up to 5 posts.,ທ່ານແນ່ໃຈ່ບໍ່ ວ່າຕ້ອງການປັກໝຸດແຈ້ງການ?ທ່ານສາມາດປັກໝຸດໄດ້ສູງສຸດ 5 ໂພສ.,,
번역 완료,,Are you sure you want to unpin the notice?,Are you sure you want to unpin the notice?,ທ່ານແນ່ໃຈບໍ່ ວ່າທ່ານຕ້ອງການ ຈະຖອນປັກໝຸດ ແຈ້ງການ?,,
번역 완료,,AT,AT,ໂອໂຕ,,
번역 완료,,"At least 2 types (A-Z, a-z, numbers, symbols)","At least 2 types (A-Z, a-z, numbers, symbols)","ຢ່າງໜ້ອຍ 2 ປະເພດ (A-Z, a-z, ຕົວເລກ, ສັນຍາລັກ)",,
번역 완료,,Attachments,Attachments,ແນບໄຟລ໌,,
번역 완료,,Auto headlamps,Auto headlamps,ໄຟຫນ້າແບບໂອໂຕ້,,
번역 완료,,Auto parking,Auto parking,ຈອດລົດແບບໂອໂຕ້,,
번역 완료,,Auto start&stop,Auto start&stop,ລະບົບສະຕາດແລະມອດແບບໂອໂຕ້,,
번역 완료,,Auto wipers,Auto wipers,ຢາງປັດນໍ້າຝົນແບບໂອໂຕ້,,
번역 완료,,Autonomous braking,Autonomous braking,ລະບົບເບຣກໂອໂຕ,,
번역 완료,,AUX,AUX,AUX,,
번역 완료,,Available,Available,ພ້ອມນຳໃຊ້,,
번역 완료,,Back,Back,ກັບຫລັງ,,
번역 완료,,Background color,Background color,ສີພື້ນຫຼັງ,,
번역 완료,,Bad,Bad,ບໍ່ດີ,,
번역 완료,,Banner details,Banner details,ລາຍລະອຽດປ້າຍໂຄສະນາ,,
번역 완료,,Banner image,Banner image,ຮູບພາບ ປ້າຍໂຄສະນາ,,
번역 완료,,Banners,Banners,ປ້າຍໂຄສະນາ,,
번역 완료,,Battery capacity,Battery capacity,ຄວາມຈຸແບດເຕີລີ່,,
번역 완료,,Battery model,Battery model,ລູ້ນແບດເຕີລີ່,,
번역 완료,,Black,Black,ດຳ,,
번역 완료,,Blocked,Blocked,ບລ໋ອກ,,
번역 완료,,Bluetooth,Bluetooth,ບຣູທູດ,,
번역 완료,,Body type,Body type,ປະເພດຮູບຊົງລົດ,,
번역 완료,,Boot operation,Boot operation,ການເປີດປິດຝາກະໂປງລົດ,,
번역 완료,,Brake lights,Brake lights,ໄຟເບຣກ,,
번역 완료,,Branch,Branch,ສາຂາ,,
번역 완료,,Branch address,Branch address,ທີ່ຢູ່ສາຂາ,,
번역 완료,,Branch has been added.,Branch has been added.,ສາຂາໄດ້ຖືກເພີ່ມແລ້ວ,,
번역 완료,,Branch has been deleted.,Branch has been deleted.,ສາຂາໄດ້ຖືກລຶບແລ້ວ,,
번역 완료,,Branch information,Branch information,ຂໍ້ມູນສາຂາ,,
번역 완료,,Branch information has been updated.,Branch information has been updated.,ຂໍ້ມູນສາຂາໄດ້ຖືກອັບເດດແລ້ວ,,
번역 완료,,Branch management,Branch management,ການບໍລິຫານສາຂາ,,
번역 완료,,Branch management details,Branch management details,ລາຍລະອຽດການບໍລິຫານສາຂາ,,
번역 완료,,Branch manager,Branch manager,ຜູ້ຈັດການສາຂາ,,
번역 완료,,Branch name,Branch name,ຊື່ສາຂາ,,
번역 완료,,Branch type,Branch type,ປະເພດສາຂາ,,
번역 완료,,Brand,Brand,ຍີ່ຫໍ້,,
번역 완료,,Browser not supported,Browser not supported,ບໍ່່ຮອງຮັບບຣາວເຊີ,,
번역 완료,,Bus,Bus,ລົດເມ,,
번역 완료,,Cancel,Cancel,ຍົກເລີກ,,
번역 완료,,Cancel purchase,Cancel purchase,ຍົກເລີກການຊື້,,
번역 완료,,Canceled,Canceled,ຍົກເລີກ,,
번역 완료,,Car details,Car details,ລາຍລະອຽດລົດ,,
번역 완료,,Car information,Car information,ຂໍ້ໍ້ມູນລົດ,,
번역 완료,,Car inspection has been completed.,Car inspection has been completed.,ການກວດສອບລົດໄດ້ສໍາເລັດ,,
번역 완료,,Car list,Car list,ລາຍການລົດ,,
번역 완료,,Car photo,Car photo,ຮູບລົດ,,
번역 완료,,Car purchase,Car purchase,ການຊື້ລົດ,,
번역 완료,,Car registration has been completed successfully.,Car registration has been completed successfully.,ທະບຽນລົດໄດ້ສໍາເລັດສົມບູນ,,
번역 완료,,Car type,Car type,ກຸ່ມລົດ,,
번역 완료,,Car wash,Car wash,ລ້າງລົດ,,
번역 완료,,Car wash price,Car wash price,ລາຄາລ້າງລົດ,,
번역 완료,,Cargo height,Cargo height,ຄວາມສູງຫ້ອງເກັບເຄື່ອງທ້າຍລົດ,,Trunk height
번역 완료,,Cargo length,Cargo length,ຄວາມຍາວຫ້ອງເກັບເຄື່ອງທ້າຍລົດ,,Trunk length
번역 완료,,Cargo width,Cargo width,ຄວາມກ້ວາງຫ້ອງເກັບເຄື່ອງທ້າຍລົດ,,Trunk width
번역 완료,,CD,CD,CD,,
번역 완료,,Certified,Certified,ຮັບຮອງ,,
번역 완료,,Change,Change,ປ່ຽນແປງ,,
번역 완료,,Change mobile number,Change mobile number,ປ່ຽນເບີໂທລະສັບມືຖື,,
번역 완료,,Change model recommendation status,Change model recommendation status,ປ່ຽນສະຖານະລຸ້ນລົດທີ່ແນະນໍາ,,
번역 완료,,Change order,Change order,ປ່ຽນ ລຳດັບໂຄສະນາ,,
번역 완료,,Change password,Change password,ປ່ຽນລະຫັດຜ່ານ,,
번역 완료,,Change status,Change status,ປ່ຽນແປງສະຖານະ,,
번역 완료,,Change to,Change to,ປ່ຽນເປັນ,,
번역 완료,,Changes you made may not be saved.,Changes you made may not be saved.,ການປ່ຽນແປງຂອງທ່ານ ຍັງບໍ່ຖືກບັນທຶກ.,,
번역 완료,,Chassis number,Chassis number,ເລກຖັງ​ລົດ,,
번역 완료,,Choose from map,Choose from map,ເລືອກຈາກແຜນທີ່,,
번역 완료,,Click 'Confirm' to begin car sales.,Click 'Confirm' to begin car sales.,ຄລິກ  'ຢັ້ງຢືນ'  ໃນການເລີ່ມຕົ້ນຂາຍລົດ,,
번역 완료,,Click here to fill in,Click here to fill in,ກະລຸຸນາໃສ່ຂໍ້ມູນທີ່ນີ້,,
번역 완료,,Close,Close,ປິດ,,
번역 완료,,Closed,Closed,ປິດນຳໃຊ້,,
번역 완료,,Code DL,Code DL,ລະຫັັດDL,,
번역 완료,,Collision warning,Collision warning,ໄຟເຕືອນລົດມາໃກ້,,
번역 완료,,Color,Color,ສີ,,
번역 완료,,Color combination,Color combination,ການຮວມສີ,,
번역 완료,,Color combination has been updated.,Color combination has been updated.,ການຮວມສີໄດ້ຮັບການອັບເດດແລ້ວ,,
번역 완료,,Color has been added.,Color has been added.,ສີໄດ້ຖືກເພີ່ມແລ້ວ,,
번역 완료,,Color information has been updated.,Color information has been updated.,ຂໍ້ມູນສີໄດ້ຖືກອັບເດດແລ້ວ,,
번역 완료,,Color(additional price),Color(additional price),ສີ(ລາຄາເພີ່ມ),,
번역 완료,,Comfort,Comfort,ຄວາມສະດວກສະບາຍ,,
번역 완료,,Completed,Completed,ສຳເລັດແລ້ວ,,
번역 완료,,Confirm,Confirm,ຢັ້ງຢືນ,,
번역 완료,,Confirm,Confirm,ຢັ້ງຢືນ,,
번역 완료,,Confirm password,Confirm password,ຢັ້ງຢືນ ລະຫັດຜ່ານ,,
번역 완료,,Connected,Connected,ເຊື່ອມຕໍ່ແລ້ວ,,
번역 완료,,Consignment S/R,Consignment S/R,ຫ້ອງຂາຍຝາກຂາຍ,,
번역 완료,,Convenience,Convenience,ສິ່ງອໍານວຍຄວາມສະດວກ,,
번역 완료,,Copied the mobile number.,Copied the mobile number.,ສຳເນົາເບີໂທລະສັບແລ້ວ.,,
번역 완료,,Create a new password,Create a new password,ສ້າງລະຫັດຜ່ານໃໝ່ຂອງທ່ານ,,
번역 완료,,Created by,Created by,ສ້າງໂດຍ,,
번역 완료,,Created date,Created date,ວັນທີສ້າງ,,
번역 완료,,Cruise control,Cruise control,ການຄວບຄຸມຄວາມໄວແບບໂອໂຕ,,
번역 완료,,Cupholders,Cupholders,ຖາດໃສ່ຈອກ,,
번역 완료,,Currency,Currency,ສ້ະກຸນເງິນ,,
번역 완료,,Current password,Current password,ລະຫັດຜ່ານປັດຈຸບັນ,,
번역 완료,,Current status,Current status,ສະຖານະປັດຈຸບັນ,,
번역 완료,,Curtain airbags,Curtain airbags,ຖຸງລົມນິລະໄພດ້ານຂ້າງ,,
번역 완료,,Customer,Customer,ລູກຄ້າ,,
번역 완료,,Customer account information has been changed.,Customer account information has been changed.,ຂໍ້ມູນບັັນຊີລູກຄ້າໄດ້ຖືກປ່ຽນແປງແລ້ວ,,
번역 완료,,Customer details,Customer details,ລາຍລະອຽດລູດຄ້າ,,
번역 완료,,Customer gender,Customer gender,ເພດ ລູກຄ້າ,,
번역 완료,,Customer information,Customer information,ຂໍ້ມູນລູກຄ້າ,,
번역 완료,,Customer information has been registered successfully.,Customer information has been registered successfully.,ຂໍ້​ມູນ​ລູກ​ຄ້າ​ໄດ້​ຮັບ​ການ​ລົງ​ທະ​ບຽນ​ສໍາ​ເລັດ.,,
번역 완료,,Customer information has been updated.,Customer information has been updated.,ຂໍ້ມູນລູກຄ້າໄດ້ຮັບການປັບປຸງ.,,
번역 완료,,Customer management,Customer management,ການບໍໍລິການລູກຄ້າ,,
번역 완료,,Customer mobile,Customer mobile,ມື​ຖື​ລູກ​ຄ້າ​,,
번역 완료,,Customer name,Customer name,ຊື່ລູກຄ້າ,,
번역 완료,,Customer status has been changed successfully.,Customer status has been changed successfully.,ສະຖານະລູກຄ້າຖືກປ່ຽນແປງສຳເລັດ.,,
번역 완료,,CVT,CVT,CVT,,
번역 완료,,Dashboard,Dashboard,ຫນ້າປັດ,,
번역 완료,,Date,Date,ວັນທີ,,
번역 완료,,Date of birth,Date of birth,ວັນເດືອນປີເກີດ,,
번역 완료,,Dates by status,Dates by status,ວັນທີີ ຕາມສະຖານະ,,
번역 완료,,Deactivated,Deactivated,ປິດການໃຊ້ງານ,,
번역 완료,,Default information,Default information,ຂໍ້ມູນເລີ່ມຕົ້ນ,,
번역 완료,,Delete,Delete,ລົບ,,
번역 완료,,Delete banner,Delete banner,ລົບ ປ້າຍໂຄສະນາ,,
번역 완료,,Delete branch,Delete branch,ລຶບສາຂາ,,
번역 완료,,Delete manager,Delete manager,ລຶບ ຜູ້ຈັດການ,,
번역 완료,,Delete native ad,Delete native ad,ລຶບໂຄສະນາ,,
번역 완료,,Delete native ad,Delete native ad,ການລືບໂຄສະນາເພື່ອບອກຕໍ່ອອກ,,
번역 완료,,Delete popup,Delete popup,ລຶບການແຈ້ງເຕືອນ,,
번역 완료,,Delivery fee,Delivery fee,ຄ່າຂົນສົ່ງ,,
번역 완료,,Describe,Describe,ຄໍາອະທິບາຍ,,
번역 완료,,Description,Description,ຄຳອະທິບາຍ,,
번역 완료,,"Details(title, description, link)","Details(title, description, link)","ລາຍລະອຽດ (ຟາຍລ໌ , ຄໍາອະທິບາຍ, ທີ່ຢູ່ລິ້ງ)",,
번역 완료,,Diesel,Diesel,ກາຊວນ,,
번역 완료,,Direct S/R,Direct S/R,ຫ້ອງຂາຍໂດຍກົງ,,
번역 완료,,Disable airbag function,Disable airbag function,ປຶດການເຮັດວຽກຂອງຟັງຊັ່ນຖຸງລົມ,,
번역 완료,,Displacement,Displacement,ຄວາມແຮງຈັກ,,
번역 완료,,District,District,ເມືອງ,,
번역 완료,,Do you want to upload the car photo now?,Do you want to upload the car photo now?,ທ່ານຕ້ອງການອັບໂຫຼດຮູບລົດ ຕອນນີ້ບໍ່?,,
번역 완료,,Done,Done,ສຳເລັດແລ້ວ,,
번역 완료,,Drag and drop files to upload,Drag and drop files to upload,ດຶງ ແລະ ວາງ ຟາຍລົງ ເພື່ອອັບໂຫຼດ,,
번역 완료,,Driver seat,Driver seat,ບັ່ອນນັ່ງຄົນຂັບ,,
번역 완료,,Driver's door side,Driver's door side,ປະຕູເບື້ອງຄົນຂັບ,,
번역 완료,,Driver's side front diagonal view,Driver's side front diagonal view,ມຸມເບິ່ງທາງຂວາງດ້ານໜ້າຂອງຄົນຂັບ,,
번역 완료,,Driver's side rear diagonal view,Driver's side rear diagonal view,ມຸມເບິ່ງທາງຂວາງດ້ານຂ້າງຂອງຄົນຂັບ,,
번역 완료,,Edit,Edit,ແກ້ໄຂ,,
번역 완료,,Edit,Edit,ແກ້ໄຂ,,
번역 완료,,Edit banner,Edit banner,ແກ້ໄຂ ປ້າຍໂຄສະນາ,,
번역 완료,,Edit branch,Edit branch,ແກ້້ໄຂສາຂາ,,
번역 완료,,Edit color,Edit color,ແກ້ໄຂສີ,,
번역 완료,,Edit customer information,Edit customer information,ແກ້ໄຂຂໍ້ມູນລູກຄ້າ,,
번역 완료,,Edit main category color,Edit main category color,ແກ້ໄຂສີໝວດໝູ່ຫຼັກ,,
번역 완료,,Edit manager,Edit manager,ແກ້ໄຂ ຜູ່ຈັດການ,,
번역 완료,,Edit middle banner,Edit middle banner,ແກ້ໄຂ ປ້າຍໂຄສະນາຊ່ວງກາງ,,
번역 완료,,Edit model information,Edit model information,ແກ້ໄຂຂໍ້ມູນລຸ້ນລົດ,,
번역 완료,,Edit native ad,Edit native ad,ແກ້ໄຂໂຄສະນາເພື່ອບອກຕໍ່ອອກ,,
번역 완료,,Edit notice,Edit notice,ແກ້ໄຂແຈ້ງການ,,
번역 완료,,Edit popup,Edit popup,ແກ້ໄຂການແຈ້ງເຕືອນ,,
번역 완료,,Edit sub category color,Edit sub category color,ແກ້ໄຂສີໝວດໝູ່ຍ່ອຍ,,
번역 완료,,Edit top banner,Edit top banner,ແກ້້ໄຂປ້າຍໂຄສະນາເທິງສຸດ,,
번역 완료,,Edit update information,Edit update information,ແກ້ໄຂຂໍ້ມູນການອັບເດດ,,
번역 완료,,Electric,Electric,ໄຟຟ້າ,,
번역 완료,,Email,Email,ອີເມວ,,
번역 완료,,Email / Password,Email / Password,ອີເມວ / ລະຫັດຜ່ານ,,
번역 완료,,Engine,Engine,ເຄື່ອງຈັກ,,
번역 완료,,Engine and battery,Engine and battery,ເຄື່ອງຈັກ ແລະ ຫມໍ້ໄຟ,,
번역 완료,,Engine checked,Engine checked,ກວດເຊັກເຄື່ອງຈັກ,,
번역 완료,,Engine displacement,Engine displacement,ຂະຫນາດເຄື່ອງຈັກ,,
번역 완료,,Engine number,Engine number,ເລກຈັກ​,,
번역 완료,,Engine room,Engine room,ຫ້ອງເຄື່ອງຈັກ,,
번역 완료,,Engine start,Engine start,ລະບົບສະຕາດລົດ,,
번역 완료,,Engine type,Engine type,ປະເພດເຄື່ອງຈັກ,,
번역 완료,,English,English,ອັງກິດ,,
번역 완료,,Enter confirm password,Enter confirm password,ໃສ່ລະຫັດຜ່ານ ເພື່ອຢັ້ງຢືນ,,
번역 완료,,Enter hex color codes (6 characters),Enter hex color codes (6 characters),ໃສ່ ລະຫັດສີ Hex (6 ຕົວອັກສອນ),,
번역 완료,,Enter the additional price,Enter the additional price,ໃສ່ລາຄາເພີ່ມ,,
번역 완료,,Enter the battery capacity,Enter the battery capacity,ໃສ່ຄວາມຈຸແບດເຕີລີ່,,
번역 완료,,Enter the battery model,Enter the battery model,ໃສ່ລູ້ນແບດເຕີລີ່,,
번역 완료,,Enter the body type,Enter the body type,ໃສ່ປະເພດຮູບຊົງລົດ,,
번역 완료,,Enter the branch address,Enter the branch address,ໃສ່ທີ່ຢູ່ສາຂາ,,
번역 완료,,Enter the branch name,Enter the branch name,ໃສ່ຊື່ສາຂາ,,
번역 완료,,Enter the car wash price,Enter the car wash price,ໃສ່ລາຄາລ້າງລົດ,,
번역 완료,,Enter the cargo height,Enter the cargo height,ໃສ່ຄວາມສູງຫ້ອງເກັບເຄື່ອງທ້າຍລົດ,,Enter the trunk height
번역 완료,,Enter the cargo length,Enter the cargo length,ໃສ່ຄວາມຍາວຫ້ອງເກັບເຄື່ອງທ້າຍລົດ,,Enter the trunk length
번역 완료,,Enter the cargo width,Enter the cargo width,ໃສ່ຄວາມກ້ວາງຫ້ອງເກັບເຄື່ອງທ້າຍລົດ,,Enter the trunk width
번역 완료,,Enter the chassis number,Enter the chassis number,ໃສ່ເລກຖັງ,,
번역 완료,,Enter the code DL,Enter the code DL,ໃສ່ລະຫັດDL,,
번역 완료,,Enter the current password,Enter the current password,ໃສ່ລະຫັດຜ່ານປັດຈຸບັນ,,
번역 완료,,Enter the customer mobile,Enter the customer mobile,ໃສ່ມືຖືລູກຄ້າ,,
번역 완료,,Enter the customer name,Enter the customer name,ໃສ່ຊື່ລູກຄ້າ,,
번역 완료,,Enter the customer name,Enter the customer name,ກະລຸນາໃສ່ຊື່ລູກຄ້າ,,
번역 완료,,Enter the delivery fee,Enter the delivery fee,ໃສ່ຄ່າຂົນສົ່ງ,,
번역 완료,,Enter the email,Enter the email,ໃສ່່ອີເມວ,,
번역 완료,,Enter the email of the account that you wish to reset the password for. We'll send you a verification code.,Enter the email of the account that you wish to reset the password for. We'll send you a verification code.,ໃສ່ອີເມວທີ່ທ່ານຕ້ອງການຊອກຫາລະຫັດຜ່ານ. ພວກເຮົາຈະສົ່ງລະຫັດໃຫ້ທ່ານເພື່ອຢັ້ງຢືນຕົວຕົນຂອງທ່ານ.,,
번역 완료,,Enter the engine displacement,Enter the engine displacement,ໃສ່ຂະຫນາດເຄື່ອງຈັກ,,
번역 완료,,Enter the engine number,Enter the engine number,ໃສ່ເລກຈັກ,,
번역 완료,,Enter the engine type,Enter the engine type,ໃສ່ປະເພດຈັກ,,
번역 완료,,Enter the exchange rate,Enter the exchange rate,ໃສ່ອັດຕາແລກປ່ຽນ,,
번역 완료,,Enter the frame number,Enter the frame number,ປ້ອນຕົວເລກຂອບໃສ່,,
번역 완료,,Enter the front brake,Enter the front brake,ໃສ່ເບຣກຫນ້າ,,
번역 완료,,Enter the front suspension details,Enter the front suspension details,ໃສ່ລາຍລະອຽດລະບົົບຮອງຮັບລໍ້ຫນ້າ,,
번역 완료,,Enter the fuel efficiency,Enter the fuel efficiency,ໃສ່ປະສິດທະພາບນໍ້າມັນ,,
번역 완료,,Enter the gross weight,Enter the gross weight,ໃສ່ນໍ້າຫນັກລົດ,,Enter the vehicle weight
번역 완료,,Enter the ground clearance,Enter the ground clearance,ໃສ່ລະດັບຖານສູງຈາກພື້ນ,,
번역 완료,,Enter the item being painted,Enter the item being painted,ໃສ່ລາຍການທີ່ີ່ເຮັດສີ,,
번역 완료,,Enter the item being repaired,Enter the item being repaired,ໃສ່ລາຍການທີ່ສ້ອມແປງ,,
번역 완료,,Enter the kerb weight,Enter the kerb weight,ໃສ່ນໍ້ໍ້າຫນັກລົດວ່າງເປົ່າ,,Enter the complete vehicle kerb weight
번역 완료,,Enter the latitude,Enter the latitude,ໃສ່ເສັ້ນຂະໜານ,,
번역 완료,,Enter the link,Enter the link,ໃສ່່ທີ່ຢູ່ລິ້ງ,,
번역 완료,,Enter the longitude,Enter the longitude,ໃສ່ເສັ້ນແວງ,,
번역 완료,,Enter the main category,Enter the main category,ໃສ່ປະເພດຫລັກ,,
번역 완료,,Enter the main category color,Enter the main category color,ໃສ່ສີໝວດໝູ່ຫຼັກ,,
번역 완료,,Enter the manager code,Enter the manager code,ໃສ່ລະຫັດຜູ້ຈັດການ,,
번역 완료,,Enter the max charging,Enter the max charging,ໃສ່ຄວາມສາມາດສາກໄຟຟ້າສູງສຸດ,,
번역 완료,,Enter the max output,Enter the max output,ໃສ່ແຮງຈັກສູງສຸດ,,
번역 완료,,Enter the max torque,Enter the max torque,ໃສ່ແຮງບິດສູງສຸດ,,
번역 완료,,Enter the maximum range with NEDC,Enter the maximum range with NEDC,ໃສ່ໄລຍະທາງຂັບຂີ່ສູງສຸດ (ມາດຕະຖານNEDC),,Enter the max range(NEDC standard)
번역 완료,,Enter the mileage,Enter the mileage,ໃສ່ໄລຍະທາງ,,
번역 완료,,Enter the mobile number,Enter the mobile number,ໃສ່ເບີມືຖື,,
번역 완료,,Enter the model,Enter the model,ໃສ່ລຸ້ນ,,
번역 완료,,Enter the name of manager,Enter the name of manager,ໃສ່ຊື່ື່ຜູ້ຈັດການ,,
번역 완료,,Enter the new password,Enter the new password,ໃສ່ລະຫັດຜ່ານໃໝ່,,
번역 완료,,Enter the notice title to search,Enter the notice title to search,ໃສ່ຈາກຫົວຂໍ້ແຈ້ງການໃນການຄໍົ້ນຫາ,,
번역 완료,,Enter the number for WhatsApp,Enter the number for WhatsApp,ໃສ່ເບີໂທສຳລັບວ໋ອດແອັບ,,
번역 완료,,Enter the number of doors,Enter the number of doors,ໃສ່ຈໍໍານວນປະຕູ,,
번역 완료,,Enter the overall height,Enter the overall height,ໃສ່ຄວາມສູງລວມ,,
번역 완료,,Enter the overall length,Enter the overall length,ໃສ່່ຄວາມຍາວລວມ,,
번역 완료,,Enter the overall width,Enter the overall width,ໃສ່ຄວາມກ້ວາງລວມ,,
번역 완료,,Enter the painting price,Enter the painting price,ໃສ່ລາຄາເຮັດສີ,,
번역 완료,,Enter the password,Enter the password,ໃສ່ລະຫັດຜ່ານ,,
번역 완료,,Enter the payload,Enter the payload,ໃສ່ນໍ້າຫນັັກບັນທຸກ,,
번역 완료,,Enter the plate number,Enter the plate number,ໃສ່ເລກທະບຽນລົດ,,
번역 완료,,Enter the price purchased,Enter the price purchased,ໃສ່ລາຄາຊື້,,
번역 완료,,Enter the promotion discount,Enter the promotion discount,ໃສ່ໂປຣໂມຊັ່ນສ່ວນຫຼຸດ,,
번역 완료,,Enter the QC discount price,Enter the QC discount price,ໃສ່ລາຄາສ່ວນຫຼຸດQC,,
번역 완료,,Enter the rear brake,Enter the rear brake,ໃສ່ເບຣກຫລັງ,,
번역 완료,,Enter the rear suspension details,Enter the rear suspension details,ໃສ່ລາຍລະອຽດລະບົບຮອງຮັບລໍ້ຫລັງ,,
번역 완료,,Enter the repairing price,Enter the repairing price,ໃສ່່ລາຄາສ້ອມແປງ,,
번역 완료,,Enter the seating capacity,Enter the seating capacity,ໃສ່ຈໍານວນບ່ອນນັ່ງ,,Enter the number of seats
번역 완료,,Enter the standard price,Enter the standard price,ໃສ່ລາຄາມາດຕະຖານ,,
번역 완료,,Enter the sub category,Enter the sub category,ໃສ່ປະເພດຮອງ,,
번역 완료,,Enter the sub category color,Enter the sub category color,ໃສ່ສີໝວດໝູ່ຍ່ອຍ,,
번역 완료,,Enter the tax,Enter the tax,ໃສ່ພາສີ,,
번역 완료,,Enter the tire size,Enter the tire size,ໃສ່ຂະຫນາດລໍ້,,
번역 완료,,Enter the title,Enter the title,ໃສ່ຫົວຂໍ້,,
번역 완료,,Enter the top speed,Enter the top speed,ໃສ່ຄວາມໄວສູງສຸດ,,
번역 완료,,Enter the trim name,Enter the trim name,ໃສ່ຊື່ຕົບແຕ່ງພາຍໃນ,,
번역 완료,,Enter the wheel base,Enter the wheel base,ໃສ່ຖານລໍ້,,
번역 완료,,Enter the wheel type,Enter the wheel type,ໃສ່ປະເພດລໍ້,,
번역 완료,,Enter the year,Enter the year,ໃສ່ປີ,,
번역 완료,,Entertainment,Entertainment,ລະບົບຄວາມບັນເທີງ,,
번역 완료,,Et cetera,Et cetera,ອັື່ນໆ,,
번역 완료,,Exchange rate,Exchange rate,ອັດຕາແລກປ່ຽນ,,
번역 완료,,Expiration time,Expiration time,ເວລາຫມົດອາຍຸ,,
번역 완료,,Exterior,Exterior,ພາຍນອກ,,
번역 완료,,Exterior,Exterior,ພາຍນອກ,,
번역 완료,,Exterior 360° video,Exterior 360° video,ຮູບກ້ອງ  360° ພາຍນອກ,,
번역 완료,,Exterior checked,Exterior checked,ກວດສະພາບພາຍນອກ,,
번역 완료,,"Failed copying mobile number, please try again later.","Failed copying mobile number, please try again later.","ການສຳເນົາເບີໂທລະສັບລົ້ມເຫລວ, ກະລຸນາລອງໃໝ່ໃນພາຍຫຼັງ.",,
번역 완료,,"Failed to add a car, please try again.","Failed to add a car, please try again.",ການເພີ່ມລົດບໍ່ສໍາເລັດ ກະລຸນາລອງໃຫມ່ອີກຄັ້ງ,,
번역 완료,,"Failed to send the message, please try again later.","Failed to send the message, please try again later.","ສົ່ງຂໍ້ຄວາມບໍ່ສຳເລັດ, ກະລຸນາລອງໃໝ່ໃນພາຍຫຼັງ.",,
번역 완료,,Female,Female,ເພດຍີງ,,
번역 완료,,File,File,ໄຟລ໌,,
번역 완료,,File format is not supported.,File format is not supported.,ບໍ່ຮອງຮັບ Format ຟາຍລ໌ ນີ້.,,
번역 완료,,Final price,Final price,ລາຄາສຸດທິ,,
번역 완료,,First version,First version,ເວີຊັນທໍາອິດ,,
번역 완료,,Frame number,Frame number,ໝາຍເລກຖັງ,,
번역 완료,,Frame number has been updated.,Frame number has been updated.,ໝາຍເລກເຟຣມຖືກອັບເດດ.,,
번역 완료,"KKC Admin 캘린더, KKC Inspection 캘린더","From ","From ",ຈາກ,,
번역 완료,,Front airbags,Front airbags,ຖຸງລົມນິລະໄພດ້ານຫນ້າ,,
번역 완료,,Front brake,Front brake,ເບຣກຫນ້າ,,
번역 완료,,Front fog lamps,Front fog lamps,ໄຟຕັດຫມອກຫນ້າ,,
번역 완료,,Front suspension,Front suspension,ລະບົົບຮອງຮັບລໍ້ຫນ້າ,,
번역 완료,,Fuel efficiency,Fuel efficiency,ປະສິດທະພາບນໍ້າມັນ,,
번역 완료,,Fuel type,Fuel type,ປະເພດນໍ້າມັນເຊື້ອໄຟ,,
번역 완료,,Gasoline,Gasoline,ນ້ຳມັນເຊື້ອໄຟ,,
번역 완료,,Gear,Gear,ເກຍ,,
번역 완료,,Gender,Gender,ເພດ,,
번역 완료,,General branch manager,General branch manager,ຜູ້ຈັດການສາຂາທົ່ວໄປ,,
번역 완료,,General operation manager,General operation manager,ຜູ້ຈັດການບໍລິການຈັດການທົ່ວໄປ,,
번역 완료,,Go home,Go home,ກັບໄປໜ້າຫຼັກ,,
번역 완료,,Grade,Grade,ລະດັບ,,
번역 완료,,Gray,Gray,ເທົາ,,
번역 완료,,Gross weight,Gross weight,ນໍ້າຫນັກລົດ,,Vehicle weight
번역 완료,,Ground clearance,Ground clearance,ລະດັບຖານສູງຈາກພື້ນ,,
번역 완료,,Guidelines for uploading exterior photos,Guidelines for uploading exterior photos,ຄໍາແນະນໍາໃນການອັບໂຫລດຮູບພາຍນອກ,,
번역 완료,,Guidelines for uploading interior photos,Guidelines for uploading interior photos,ຄໍາແນະນໍາໃນການອັບໂຫລດຮູບພາຍໃນ,,
번역 완료,,Headlamps,Headlamps,ໄຟຫນ້າ,,
번역 완료,,Hex code,Hex code,ລະຫັດ Hex,,
번역 완료,,Hex code #1,Hex code #1,ລະຫັດ Hex #1,,
번역 완료,,Hill start assist,Hill start assist,ລະບົບຊ່ວຍຢຸດເວລາຂຶ້ນທາງເນີນ,,
번역 완료,,Hybrid,Hybrid,ລົດໄຮ​ບຼີດ,,
번역 완료,,I hereby confirm that the inspection has been conducted fairly in accordance with KOKKOK Car's Automotive Diagnostic Evaluation and Inspection Criteria Table.,I hereby confirm that the inspection has been conducted fairly in accordance with KOKKOK Car's Automotive Diagnostic Evaluation and Inspection Criteria Table.,ຂ້າພະເຈົ້າຢັ້ງຢືນວ່າການກວດສອບສະພາບລົດໄດ້ດໍາເນີນການຢ່າງຍຸດຕິທໍາ  ພາຍໃຕ້ຕາລາງເງື່ອນໄຂການກວດສອບ ການປະເມີນ ແລະ ການວິນິໃສ ມາດຕະຖານຍານພາຫານະຂອງKOKKOK Car,,
번역 완료,,Immobilizer,Immobilizer,ລະບົບກັນຂະໂມຍ,,
번역 완료,,In USD,In USD,ໂດລ້າ,,
번역 완료,,Included in main category color,Included in main category color,ລວມຢູ່ໃນສີໝວດໝູ່ຫຼັກ,,
번역 완료,,Incorrect email or password.,Incorrect email or password.,ອີເມວ ຫຼືລະຫັດຜ່ານບໍ່ຖືກຕ້ອງ.,,
번역 완료,,Inquiry,Inquiry,ການສອບຖາມ,,
번역 완료,,Inquiry details,Inquiry details,ສອບຖາມລາຍລະອຽດ,,
번역 완료,,Inquiry information,Inquiry information,ຂໍ້ມູນການສອບຖາມ,,
번역 완료,,Inspected by,Inspected by,ກວດສອບໂດຍ,,
번역 완료,,Inspected date,Inspected date,ວັນທີກວດສອບ,,
번역 완료,,Inspection,Inspection,ກວດສອບ,,
번역 완료,,Inspection,Inspection,ກວດສອບ,,
번역 완료,,Inspection check list,Inspection check list,ລາຍການກວດສອບ,,
번역 완료,,Inspection code,Inspection code,ລະ​ຫັດ​ການ​ກວດ​ສອບ​,,
번역 완료,,Inspection item,Inspection item,ລາຍການກວດສອບ,,
번역 완료,,Inspection(275 items),Inspection(275 items),ກວດສອບ (275 ລາຍການ),,
번역 완료,,Instrument cluster,Instrument cluster,ແຜງຫນ້າປັດ,,
번역 완료,,Interior,Interior,ພາຍໃນ,,
번역 완료,," Interior",Interior,ພາຍໃນ,,
번역 완료,,Interior 360° photo,Interior 360° photo,ຮູບກ້ອງ 360° ພາຍໃນ,,
번역 완료,,Interior checked,Interior checked,ກວດສະພາບພາຍໃນ,,
번역 완료,,Interior lighting,Interior lighting,ຄວາມສະຫວ່າງພາຍໃນ,,
번역 완료,,iOS,iOS,"iOS ",,
번역 완료,,iPod,iPod,iPod,,
번역 완료,,Is not a current password,Is not a current password,ບໍ່ແມ່ນລະຫັດປັດຈຸບັນ,,
번역 완료,,ISOFIX,ISOFIX,ISOFIX,,
번역 완료,,IVT,IVT,IVT,,
번역 완료,,Keep your account safe by regularly changing the password.,Keep your account safe by regularly changing the password.,ຮັກສາບັນຊີຂອງທ່ານໃຫ້ປອດໄພ ດ້ວຍການປ່ຽນລະຫັດຜ່ານເປັນປະຈຳ.,,
번역 완료,,Kerb weight,Kerb weight,ນໍ້ໍ້າຫນັກລົດວ່າງເປົ່າ,,Complete vehicle kerb weight
번역 완료,,Laotian,Laotian,ລາວ,,
번역 완료,,Last version,Last version,ເວີຊັນຫຼ້າສຸດ,,
번역 완료,,Latest updated,Latest updated,ອັບເດດຫຼ້າສຸດ,,
번역 완료,,Latitude,Latitude,ເສັ້ນຂະໜານ,,
번역 완료,,Latitude and longitude,Latitude and longitude,ເສັ້ນຂະໜານ ແລະເສັ້ນແວງ,,
번역 완료,,Leather seats,Leather seats,ເບາະຫນັງ,,
번역 완료,,Leather steering,Leather steering,ພວງມະໄລຫຸ້ມຫນັງ,,
번역 완료,,Leave,Leave,ອອກ,,
번역 완료,,Leave this page?,Leave this page?,ອອກຈາກ ໜ້ານີ້?,,
번역 완료,,LED daytime funning lights,LED daytime funning lights,ໄຟກາງເວັນLED,,
번역 완료,,Lights,Lights,ລະບົບຕາໄຟ,,
번역 완료,,LInked,LInked,ລິ້ງທີ່ຢູ່,,
번역 완료,,List,List,ລາຍການ,,
번역 완료,,Longitude,Longitude,ເສັ້ນແວງ,,
번역 완료,,Main category,Main category,ປະເພດຫລັກ,,
번역 완료,,Main category color,Main category color,ສີໝວດໝູ່ຫຼັກ,,
번역 완료,,Main category color details,Main category color details,ລາຍລະອຽດສີໝວດໝູ່ຫຼັກ,,
번역 완료,,Main category color(English),Main category color(English),ສີໝວດໝູ່ຫຼັກ (ພາສາອັງກິດ),,
번역 완료,,Main category color(Laotian),Main category color(Laotian),ສີໝວດໝູ່ຫຼັກ (ພາສາລາວ),,
번역 완료,,Male,Male,ເພດຊາຍ,,
번역 완료,,Manager account,Manager account,ບັນຊີີຜູ້ຈັດການ,,
번역 완료,,Manager code,Manager code,ລະຫັດຜູ່້ຈັດການ,,
번역 완료,,Manager mobile,Manager mobile,ເບີໂທລະສັບຜູ້ຈັດການ,,
번역 완료,,Manager name,Manager name,ຊື່ື່ຜູ້ຈັດການ,,
번역 완료,,Mandatory field,Mandatory field,ຊ່່ອງທີ່ຈໍາເປັນຕ້ອງໄດ້ໃສ່,,
번역 완료,,Max charging,Max charging,ຄວາມສາມາດສາກໄຟຟ້າສູງສຸດ,,Max charging capacity
번역 완료,,Max output,Max output,ແຮງຈັກສູງສຸດ,,
번역 완료,,Max torque,Max torque,ແຮງບິດສູງສຸດ,,
번역 완료,,Maximum range with NEDC,Maximum range with NEDC,ໄລຍະທາງຂັບຂີ່ສູງສຸດ (ມາດຕະຖານNEDC),,Max range(NEDC standard)
번역 완료,,Memo,Memo,ບັນທຶກ,,
번역 완료,,Memo by customer,Memo by customer,ບັກທຶກໂດຍລູກຄ້າ,,
번역 완료,,Middle banner,Middle banner,ປ້າຍໂຄສະນາຊ່ວງກາງ,,
번역 완료,,Mileage,Mileage,ເລກກິໄລແມັດ,,
번역 완료,,Mixed,Mixed,ລົດປະສົມ,,
번역 완료,,Mobile number,Mobile number,ເບີໂທລະສັບມືຖື,,
번역 완료,,Mobile number #1,Mobile number #1,ເບີໂທລະສັບມືຖື #1,,
번역 완료,,Mobile number has been changed.,Mobile number has been changed.,ເບີໂທລະສັບມືຖື ມີການປ່ຽນແປງ.,,
번역 완료,,Model,Model,ລຸ້ນລົດ,,
번역 완료,,Model group,Model group,ກຸ່ມລຸ້ນ,,
번역 완료,,Model recommendation,Model recommendation,ລູ້ນລົດທີ່ແນະນໍາ,,
번역 완료,,Model recommendation status has been changed successfully.,Model recommendation status has been changed successfully.,ສະຖານະລຸ້ນລົດທີ່ແນະນໍາໄດ້ຖືກປ່ຽນແປປງສໍາເລັດ,,
번역 완료,,Model registration,Model registration,ການລົງທະບຽນລຸ້ນ,,
번역 완료,,Model registration can be done once you upload a photo.,Model registration can be done once you upload a photo.,ລູ້ນທີ່ທ່ານຈະລົງທະບຽນຈະດໍາເນີນການສໍາເລັດຫລັງຈາກທ່ານໄດ້ອັບໂຫຼດຮູບແລ້ວ 1 ຮູບ,,
번역 완료,,Modified date,Modified date,ວັນທີ ແກ້ໄຂ,,
번역 완료,,Move your mouse,Move your mouse,ເຄື່ືອນລູກສອນ,,
번역 완료,,MT,MT,ກະປຸກ,,
번역 완료,,Multi-function screen,Multi-function screen,ຫນ້າຈໍອະເນກປະສົງ,,
번역 완료,,My account,My account,ບັນຊີຂອງຂ້ອຍ,,
번역 완료,,Native ad details,Native ad details,ຮູບແບບການໂຄສະນາເພື່ອບອກຕໍ່,,
번역 완료,,Native ads,Native ads,ໂຄສະນາ,,
번역 완료,,Navigation,Navigation,ລະບົບນໍາທາງ,,
번역 완료,,New car,New car,ລົດໃຫມ່,,
번역 완료,,New car manager,New car manager,ຜູ້ຈັດການລົດໃຫມ່,,
번역 완료,,New mobile number,New mobile number,ເບີໂທລະສັບມືຖືໃຫມ່,,
번역 완료,,New password,New password,ລະຫັດຜ່ານໃໝ່,,
번역 완료,,Next,Next,ຕໍ່ໄປ,,
번역 완료,,No,No,ບໍ່,,
번역 완료,,No of doors,No of doors,ປະຕູ,,Doors
번역 완료,,No results found,No results found,ບໍ່ພົບຜົນການຄົ້ນຫາ,,
번역 완료,,"No, later","No, later",ບໍ່່ ໃນພາຍຫລັງ,,
번역 완료,,No.,No.,No.,,
번역 완료,,Normal,Normal,ປົກກະຕິ,,
번역 완료,,Not on sale,Not on sale,ບໍ່ໄດ້້ວາງຂາຍ,,
번역 완료,,Notice,Notice,ແຈ້ງການ,,
번역 완료,,Notice details,Notice details,ລາຍລະອຽດຈະແຈ້ງໃຫ້ຮູ້ລ່ວງໜ້າ.,,
번역 완료,,Off,Off,ປິດ,,
번역 완료,,On,On,ເປີດ,,
번역 완료,,On sales,On sales,ວາງຂາຍ,,
번역 완료,,"Once the notice is deleted, it cannot be withdrawn.Are you sure you want to delete?","Once the notice is deleted, it cannot be withdrawn.Are you sure you want to delete?","ທັນທີທີ່ ແຈ້ງການຖືກລຶບ, ມັນຈະບໍ່ສາມາດຢ້ອນກັບ.ທ່ານແນ່ໃຈບໍ່ວ່າຈະລຶບ?",,
번역 완료,,Only 1 middle banner can be pinned.,Only 1 middle banner can be pinned.,1 ປ້າຍໂຄສະນາຊ່ວງກາງເທົ່ານັ້ນທີ່ສາມາດວາງໃສ່,,
번역 완료,,Only 1 popup can be pinned.,Only 1 popup can be pinned.,ສາມາດປັກໝຸດໄດ້ພຽງ 1 ການແຈ້ງເຕືອນເທົ່ານັ້ນ.,,
번역 완료,,Operation manager,Operation manager,ຜູ້ຈັດການບໍລິການຈັດການ,,
번역 완료,,Option detail,Option detail,ລາຍລະອຽດອອບຊັ່ນ,,
번역 완료,,Option name(in English),Option name(in English),ຊື່ອອບຊັ່ນ (ພາສາອັງກິດ),,
번역 완료,,Option name(in Laotian),Option name(in Laotian),ຊື່ອອບຊັ່ນ (ພາສາລາວ),,
번역 완료,,Optional field,Optional field,ຊ່ອງຂໍ້ມູນທາງເລືອກ,,
번역 완료,,Options,Options,ທາງເລືອກ,,
번역 완료,,Order,Order,ຄຳສັ່ງຂົນສົ່ງ,,
번역 완료,,OS,OS,OS,,
번역 완료,,Other,Other,ອື່ນໆ,,
번역 완료,,Overall height,Overall height,ຄວາມສູງລວມ,,
번역 완료,,Overall length,Overall length,ຄວາມຍາວລວມ,,
번역 완료,,Overall width,Overall width,ຄວາມກວ້າງລວມ,,
번역 완료,,Page not found,Page not found,ບໍ່ເຫັນໜ້ານີ້,,
번역 완료,,Painting,Painting,ເຮັດສີ,,
번역 완료,,Painting,Painting,ເຮັດສີ,,
번역 완료,,Painting information has been updated.,Painting information has been updated.,ຂໍ້ມູນການເຮັດສີໄດ້ຖືກແກ້ໄຂ ສໍາເລັດແລ້ວ,,
번역 완료,,Painting price,Painting price,ລາຄາເຮັດສີ,,
번역 완료,,Parking sensor,Parking sensor,ເຊັນເຊີການຈອດລົດ,,
번역 완료,,Pass,Pass,ຜ່ານ,,
번역 완료,,Passenger's door side,Passenger's door side,ປະຕູເບື້ອງຜູ້ໂດຍສານ,,
번역 완료,,Passenger's side front diagonal view,Passenger's side front diagonal view,ມຸມເບິ່ງທາງຂວາງດ້ານໜ້າຂອງຜູ້ໂດຍສານ,,
번역 완료,,Passenger's side rear diagonal view,Passenger's side rear diagonal view,ມຸມເບິ່ງທາງຂວາງດ້ານຫລັງຂອງຜູ້ໂດຍສານ,,
번역 완료,,Password,Password,ລະຫັດຜ່ານ,,
번역 완료,,Password has been changed,Password has been changed,ລະຫັດຜ່ານ ມີການປ່ຽນແປງ.,,
번역 완료,,Password matches,Password matches,ລະຫັດຜ່ານກົງກັນ,,
번역 완료,,Pause,Pause,ຢຸດຊົ່ວຄາວ,,
번역 완료,,Payload,Payload,ນໍ້າຫນັັກບັນທຸກ,,
번역 완료,,Performance,Performance,ສະ​ມັດ​ທະ​ນະຂອງ​ລົດ,,
번역 완료,,Photo,Photo,ຮູບພາບ,,
번역 완료,,Photo(s) has been registered successfully.,Photo(s) has been registered successfully.,ລົງທະບຽນຮູບພາບສຳເລັດແລ້ວ.,,
번역 완료,,Pickup,Pickup,ລົດກະບະ,,
번역 완료,,Pin,Pin,ປັກໝຸດ,,
번역 완료,,Platform type,Platform type,ປະເພດແພລດຟອມ,,
번역 완료,,Please add at least 1 color.,Please add at least 1 color.,ກະລຸນາເພີ່ມຢ່າງໜ້ອຍ 1 ສີ.,,
번역 완료,,Please check the photo size (900x1200px).,Please check the photo size (900x1200px).,ກະລຸນາກວດເບິ່ງຂະໜາດຮູບ (900x1200px).,,
번역 완료,,Please check the photo size (1440x160px).,Please check the photo size (1440x160px).,ກະລຸນາກວດເບິ່ງຂະໜາດຮູບ (1440x160px).,,
번역 완료,,Please check the photo size (1440x320px).,Please check the photo size (1440x320px).,ກະລຸນາກວດເບິ່ງຂະໜາດຮູບ (1440x320px).,,
번역 완료,,Please check the photo size (1440x400px).,Please check the photo size (1440x400px).,ກະລຸນາກວດເບິ່ງຂະໜາດຮູບ (1440x400px).,,
번역 완료,,Please check whether the customer is registered or not.,Please check whether the customer is registered or not.,ກະລຸນາກວດສອບວ່າລູກຄ້າລົງທະບຽນແລ້ວ ຫລື ຍັງ,,
번역 완료,,Please check whether the customer is registered or not.,Please check whether the customer is registered or not.,ກະລຸນາກວດສອບອີກຄັ້ງຫນື່ງວ່າລູກຄ້າໄດ້ລົງທະບຽນແລ້ວຫລືຍັງ,,
번역 완료,,Please ensure that the car photos follow the types and upload order specified in the guidelines. Additional photos are acceptable.,Please ensure that the car photos follow the types and upload order specified in the guidelines. Additional photos are acceptable.,ທ່ານຫມ້້ນໃຈວ່າຮູບລົດໄດ້ປະຕິບັດຕາມເງື່ອນໄຂປະເພດແລະ ຄໍາແນະນໍາໃນການອັບໂຫລດ ລະບົບຍິນຍອມໃຫ້ທ່ານເພີ່ມຮູບໄດ້,,
번역 완료,,Please enter a valid email address.,Please enter a valid email address.,ກະລຸນາໃສ່ທີ່ຢູ່ອີເມວທີ່ຖືກຕ້ອງ.,,
번역 완료,,Please enter a valid URL.,Please enter a valid URL.,ກະລຸນາໃສ່ ທີ່ຢູ່ URL.,,
번역 완료,,Please enter email address.,Please enter email address.,ກະລຸນາໃສ່ທີ່ຢູ່ອີເມວຂອງທ່ານ.,,
번역 완료,,Please enter the 17-character frame number(consisting of A-Z and 0-9).,Please enter the 17-character frame number(consisting of A-Z and 0-9).,ກະລຸນາໃສ່່ ເລກຖັງ 17 ຫລັກ ລວມມີ A-Z ແລະ 0-9,,
번역 완료,,Please enter the customer mobile to search.,Please enter the customer mobile to search.,ກະລຸນາໃສ່ໂທລະສັບມືຖືລູກຄ້າ ທີ່ຕ້ອງການຄົ້ນຫາ,,
번역 완료,,Please enter the frame number to search,Please enter the frame number to search,ກະລຸນາໃສ່ເລກຖັງທີ່ຕ້ອງການຄົ້ນຫາ,,
번역 완료,,Please enter the version in valid format. (0.0.0),Please enter the version in valid format. (0.0.0),ກະລຸນາໃສ່ເວີຊັນໃນຮູບແບບທີ່ຖືກຕ້ອງ. (0.0.0),,
번역 완료,,Please fill in specifications and options of the car.,Please fill in specifications and options of the car.,ກະລຸນາໃສ່ຂໍ້ມູນສະເພາະ ແບະ ອອບຊັ່ນລົດ,,
번역 완료,,Please fill in the detailed price and photos.,Please fill in the detailed price and photos.,ກະລຸນາໃສ່່ລາຍລະອຽດລາຄາແລະຮູບ,,
번역 완료,,Please select more than 1.,Please select more than 1.,ກະລຸນາ ເລືອກຫຼາຍກວ່າ 1.,,
번역 완료,,Please select the option.,Please select the option.,ກະລຸຸນາເລືອກອອບຊັ່ນ,,
번역 완료,,Please take a photo that shows the driver seat.,Please take a photo that shows the driver seat.,ກະລຸນາຖ່າຍຮູບ ທີ່ເຫັນ ບ່ອນນັ່ງຄົນຂັບທັງຫມົດ,,
번역 완료,,Please take a photo that shows the engine room.,Please take a photo that shows the engine room.,ກະລຸນາຖ່າຍຮູບ ທີ່ເຫັນ ຫ້ອງເຄື່ອງຈັກທັງຫມົດ,,
번역 완료,,Please take a photo that shows the entire dashboard.,Please take a photo that shows the entire dashboard.,ກະລຸນາຖ່າຍຮູບ ທີ່ເຫັນ ຫນ້າປັດທັງຫມົດ,,
번역 완료,,Please take a photo that shows the rear passenger seat(driver side).,Please take a photo that shows the rear passenger seat(driver side).,ກະລຸນາຖ່າຍຮູບ ທີ່ເຫັນ ບ່ອນນັ່ັ່ງຜູ້ໂດຍສານດ້ານຫລັງ ເບື້ອງຄົນຂັບ,,
번역 완료,,Please upload a photo that allows customers to clearly see the driver’s side front diagonal view.,Please upload a photo that allows customers to clearly see the driver’s side front diagonal view.,ກະລຸນາອັບໂຫລດຮູບ ທີ່ລູກຄ້າສາມາດເຫັນ ມຸມເບິ່ງທາງຂວາງດ້ານໜ້າຂອງຄົນຂັບ,,
번역 완료,,Please upload a photo that allows customers to clearly see the vehicle from the front to the back.,Please upload a photo that allows customers to clearly see the vehicle from the front to the back.,ກະລຸນາອັບໂຫລດຮູບ ທີ່ລູກຄ້າສາມາດເຫັນ ຈາກດ້ານຫນ້າໄປດ້ານຫລັງ,,
번역 완료,,Please upload a photo with a 16:9 ratio and landscape orientation.,Please upload a photo with a 16:9 ratio and landscape orientation.,ກະລຸນາອັບໂຫຼດຮູບໃນສັກສ່ວນ 16:9  ແລະ ຮູບທາງນອນ,,
번역 완료,,Please upload image.,Please upload image.,ກະລຸນາ ອັບໂຫຼດຮູບພາບ.,,
번역 완료,,Popup,Popup,ການແຈ້ງເຕືອນ,,
번역 완료,,Popup details,Popup details,ລາຍລະອຽດການແຈ້ງເຕືອນ,,
번역 완료,,Popup image,Popup image,ຮູບພາບການແຈ້ງເຕືອນ,,
번역 완료,,Portrait size,Portrait size,ຂະຫນາດທາງຕັ້ງ,,
번역 완료,,Power driver seat,Power driver seat,ເບາະຄົນຂັບແບບໄຟຟ້າ,,
번역 완료,,Power passsenger seat,Power passsenger seat,ເບາະຜູ້ໂດຍສານແບບໄຟຟ້າ,,
번역 완료,,Power side mirror,Power side mirror,ແວ່ນຂ້າງລະບົບໄຟຟ້າ,,
번역 완료,,Power steering,Power steering,ພວງມະໄລໄຟຟ້າ,,
번역 완료,,Power windows,Power windows,ຫນ້າຕ່າງລະບົບໄຟຟ້າ,,
번역 완료,,Price,Price,ລາຄາ,,
번역 완료,,Price and photos have been registered,Price and photos have been registered,ລາຄາ ແລະ ຮູບພາບ ໄດ້ຖືກບັນທຶກແລ້ວ,,
번역 완료,,Price details,Price details,ລາຍລະອຽດລາຄາ,,
번역 완료,,Price purchased,Price purchased,ລາຄາຊື້,,
번역 완료,,Print,Print,ພິມ,,
번역 완료,,Productizaiton,Productizaiton,ຜະລິິດ,,
번역 완료,,Productization,Productization,ການຜະລິດ,,
번역 완료,,Productization(price and photo),Productization(price and photo),ການຜະລິດ (ລາຄາແລະຮູບພາບ),,
번역 완료,,Productizing,Productizing,ຜະລິດ,,
번역 완료,,Productizing,Productizing,ຜະລິດ,,
번역 완료,,Promotion discount,Promotion discount,ໂປຣໂມຊັ່ນສ່ວນຫຼຸດ,,
번역 완료,,Province,Province,ແຂວງ,,
번역 완료,,Province and district,Province and district,ແຂວງ ແລະ ເມືອງ,,
번역 완료,,Purchase,Purchase,ຊື້,,
번역 완료,,Purchase branch,Purchase branch,ສາຂາຊື້,,
번역 완료,,Purchase completed,Purchase completed,ການຈັດຊື້ສໍາເລັດ,,
번역 완료,,Purchase date,Purchase date,ວັນຈັດຊື້,,
번역 완료,,Purchase history,Purchase history,ປະຫວັດການຈັດຊື້,,
번역 완료,,Purchase inquiry,Purchase inquiry,ສອບຖາມການສັ່ງຊື້,,
번역 완료,,Purchase inuquiry,Purchase inuquiry,ສອບຖາມການສັ່ງຊື້,,
번역 완료,,Purchasing terms,Purchasing terms,ເງື່ອນໄຂການຈັດຊື້,,
번역 완료,,QC discount price,QC discount price,ລາຄາສ່ວນຫຼຸດQC,,
번역 완료,,Radio,Radio,ວິທະຍຸ,,
번역 완료,,Rear brake,Rear brake,ເບຣກຫລັງ,,
번역 완료,,Rear fog lamps,Rear fog lamps,ໄຟຕັັດຫມອກຫລັງ,,
번역 완료,,Rear passenger seat(driver side),Rear passenger seat(driver side),ບ່ອນນັ່ງດ້ານຫລັງຂອງຜູ້ໂດຍສານ ຝັ່ງຄົນຂັບ,,
번역 완료,,Rear suspension,Rear suspension,ລະບົບຮອງຮັບລໍ້ຫລັງ,,
번역 완료,,Reason for cancellation,Reason for cancellation,ເຫດຜົນສໍາລັບການຍົກເລີກ,,
번역 완료,,Recipient,Recipient,ຜູ້ຮັບ,,
번역 완료,,Red,Red,ແດງ,,
번역 완료,,Register,Register,ບັນທຶກ,,
번역 완료,,Register customer,Register customer,ລົງທະບຽນລູກຄ້າ,,
번역 완료,,Register frame number,Register frame number,ບັນທຶກເລກຖັງ,,
번역 완료,,Registration complete,Registration complete,ບັນທຶກສໍາເລັດ,,
번역 완료,,Remarks,Remarks,ໝາຍເຫດ,,
번역 완료,,Remarks(by purchasing manager),Remarks(by purchasing manager),ຫມາຍເຫດ (ໂດຍຜູ້ຈັດການຈັດຊື້),,
번역 완료,,Remote locking,Remote locking,ຮີໂຫມດລ໋ອກ,,
번역 완료,,Repair only,Repair only,ສ້ອມແປງຢ່າງດຽວ,,
번역 완료,,Repairing,Repairing,ສ້ອມແປງ,,
번역 완료,,Repairing information has been updated.,Repairing information has been updated.,ຂໍ້ມູນການສ້ອມແປງໄດ້ຖືກແກ້ໄຂ ສໍາເລັດແລ້ວ.,,
번역 완료,,Repairing price,Repairing price,ລາຄາສ້ອມແປງ,,
번역 완료,,Reparing,Reparing,ສ້ອມແປງ,,
번역 완료,,Reply,Reply,ຕອບກັບ,,
번역 완료,,Reply has been added.,Reply has been added.,ຂໍ້ຄວາມຕອບກັບ ໄດ້ຖືກເພີ່ມເຂົ້າແລ້ວ.,,
번역 완료,,Reply history,Reply history,ປະຫວັດການຕອບກັບ,,
번역 완료,,Requested,Requested,ຮ້ອງຂໍແລ້ວ,,
번역 완료,,Reset,Reset,ຣີເຊັດ,,
번역 완료,,Reset password,Reset password,ຕັ້ງລະຫັດຜ່ານໃຫມ່,,
번역 완료,,Result,Result,ຜົນກວດສອບ,,
번역 완료,,Reverse camera,Reverse camera,ກ້ອງຖອຍຫລັງ,,
번역 완료,,Review version,Review version,ເວີຊັນກວດສອບຄືນ,,
번역 완료,,Rim material,Rim material,ວັດສະດຸຕົບແຕ່ງພາຍໃນ,,
번역 완료,,Roadster,Roadster,ລົດສະປອດ,,
번역 완료,,Safety,Safety,ລະບົບຄວາມປອດໄພ,,
번역 완료,,Sales branch,Sales branch,ສາຂາຂາຍ,,
번역 완료,,Sales branch has been changed.,Sales branch has been changed.,ສາຂາຂາຍໄດ້ມີການປ່ຽນແປງ,,
번역 완료,,Sales car,Sales car,ຂາຍລົດ,,
번역 완료,,Sales history,Sales history,ປະຫວັດການຂາຍ,,
번역 완료,,Sales price,Sales price,ລາຄາຂາຍ,,
번역 완료,,Sales type,Sales type,ປະເພດຂາຍ,,
번역 완료,,Save changes,Save changes,ບັນທຶກ ການປ່ຽນແປງ,,
번역 완료,,Search by color,Search by color,ຄົ້ນຫາສີ,,
번역 완료,,Search by frame number,Search by frame number,ຄົ້ນຫາເລກຖັງ,,
번역 완료,,Search by model,Search by model,ຄົ້ນຫາຈາກລຸ້ນ,,
번역 완료,,Search by notice title,Search by notice title,ຄໍົ້ນຫາຈາກຫົວຂໍ້ແຈ້ງການ,,
번역 완료,,Search customer,Search customer,ຄົ້ນຫາລູກຄ້າ,,
번역 완료,,Search model,Search model,ຄົ້ນຫາລຸ້ນ,,
번역 완료,,Search the model group,Search the model group,ຄົ້ນຫາກຸ່ມລຸ້ນ,,
번역 완료,,Seatbelts,Seatbelts,ເຂັມຂັດນິລະໄພ,,
번역 완료,,Seating capacity,Seating capacity,ບ່ອນນັ່ງ,,Seats
번역 완료,,Sedan,Sedan,ລົດເກັງ,,
번역 완료,,See more,See more,ເບິ່ງເພີ່ມຕື່ມ,,
번역 완료,,Select,Select,ເລືອກ,,
번역 완료,,Select all,Select all,ເລືືອກທັງຫມົດ,,
번역 완료,,Select the customer,Select the customer,ເລືອກລູກຄ້າ,,
번역 완료,,Select the date,Select the date,ເລືອກວັນທີ,,
번역 완료,,Select the frame number,Select the frame number,ເລືອກເລກຖັງ,,
번역 완료,,Select the model,Select the model,ເລືອກລູຸ້ນ,,
번역 완료,,Select the notice,Select the notice,ເລືອກ ການແຈ້ງດຕືອນ,,
번역 완료,,Select the option,Select the option,ໃສ່່ອີເມວ,,
번역 완료,,Selling,Selling,ຂາຍ,,
번역 완료,,Send,Send,ສົ່ງ,,
번역 완료,,Set the screen to connect when click the banner.,Set the screen to connect when click the banner.,ຕັ້ງໃຫ້ປ້າຍໂຄສະນາ  ເຊື່ອມໂຍງເຖິງລິ້ງທີ່ຢູ່ ເມື່ອກົດ.,,
번역 완료,,Settings,Settings,ການຕັ້ງຄ່າ,,
번역 완료,,Side mirror turning indicators,Side mirror turning indicators,ໄຟລ້ຽວແວ່ນຂ້າງ,,
번역 완료,,Sign in,Sign in,ເຂົ້າສູ່ລະບົບ,,
번역 완료,,Sold,Sold,ຂາຍແລ້ວ,,
번역 완료,,Sold,Sold,ໄດ້ຖືກຂາຍແລ້ວ,,
번역 완료,,Sold date,Sold date,ວັນທີຂາຍ,,
번역 완료,,Sorry for the inconvenience but we're performing some maintenane at the moment. we'll be back online shortly. Thank you.,Sorry for the inconvenience but we're performing some maintenane at the moment. we'll be back online shortly. Thank you.,ຂໍ​ອະ​ໄພ​ໃນ​ຄວາມ​ບໍ່​ສະ​ດວກ ພວກເຮົາກໍາລັງເລັ່ງດໍາເນີນການຈະກັບມາອອນລາຍໃນໄວໆນີ້.,,
번역 완료,,Speaker,Speaker,ລໍາໂພງ,,
번역 완료,,Special stock,Special stock,ສະຕ໋ອກລົດພິເສດ,,
번역 완료,,"Specification, options","Specification, options",ຂໍ້ມູູນສະເພາະ ອອບຊັ່ນ,,
번역 완료,,Specifications,Specifications,ຂໍ້ມູນສະເພາະ,,
번역 완료,,Specifications,Specifications,ຂໍ້ມູນຈໍາເພາະ,,
번역 완료,,Specifications and options of the new car has been applied successfully.,Specifications and options of the new car has been applied successfully.,ໄດ້ດຳເນີນການເພີ່ມຂໍ້ມູນສະເພາະແລະຕົວ ເລືອກຂອງລົດລຸ້ນໃໝ່ຮຽບຮ້ອຍແລ້ວ.,,
번역 완료,,Specifications and options of the used car has been applied successfully.,Specifications and options of the used car has been applied successfully.,ໄດ້ດຳເນີນການເພີ່ມຂໍ້ມູນສະເພາະແລະຕົວເລືອກຂອງລົດມືສອງຮຽບຮ້ອຍແລ້ວ.,,
번역 완료,,Split fold rear seat,Split fold rear seat,ເບາະຫລັງພັບໄດ້,,
번역 완료,,Stability control,Stability control,ລະບົບຄວບຄຸມການຊົງຕົວ,,
번역 완료,,Standard price,Standard price,ລາຄາມາດຕະຖານ,,
번역 완료,,Start sales date,Start sales date,ເລີ່ມຂາຍວັນທີ,,
번역 완료,,Status,Status,ສະຖານະ,,
번역 완료,,Status of a new car model has been changed successfully. This car model will be invisible from the App now.,Status of a new car model has been changed successfully. This car model will be invisible from the App now.,ສະຖານະລົດລຸ້ນໃຫມ່ໄດ້ຖືກປ່ຽນແປງສໍາເລັດ. ທ່ານສາມາດເບິ່ງໄດ້ຈາກແອັບທ່ານທັນທີ.,,
번역 완료,,Status of a new car model has been changed successfully. This car model will be visible from the App now.,Status of a new car model has been changed successfully. This car model will be visible from the App now.,ສະຖານະລົດລຸ້ນໃຫມ່ໄດ້ຖືກປ່ຽນແປງສໍາເລັດ. ທ່ານສາມາດເບິ່ງໄດ້ຈາກແອັບທ່ານທັນທີ.,,
번역 완료,,Steering wheel controls,Steering wheel controls,ລະບົົບຄວບຄຸມພວງມະໄລ,,
번역 완료,,Sub category,Sub category,ປະເພດຮອງ,,
번역 완료,,Sub category color,Sub category color,ສີໝວດໝູ່ຍ່ອຍ,,
번역 완료,,Sub category color details,Sub category color details,ລາຍລະອຽດສີຂອງໝວດໝູ່ຍ່ອຍ,,
번역 완료,,Sub category color(English),Sub category color(English),ສີໝວດໝູ່ຍ່ອຍ(ພາສາອັງກິດ),,
번역 완료,,Sub category color(Laotian),Sub category color(Laotian),ສີໝວດໝູ່ຍ່ອຍ (ພາສາລາວ),,
번역 완료,,Sub Direct S/R,Sub Direct S/R,ຫ້ອງຂາຍຍ່ອຍ,,
번역 완료,,Sunroof,Sunroof,ຫລັງຄາແບບຊັນຣູບ,,
번역 완료,,Sunshades,Sunshades,ຜ້າມ້ານບັງແດດ,,
번역 완료,,Support,Support,ຊ່ວຍເຫຼືອ,,
번역 완료,,"Support file : png, jpeg, jpg (Limit 0.5MB per file)","Support file : png, jpeg, jpg (Limit 0.5MB per file)","ສະຫນັບສະຫນູນຟາຍລ : png, jpeg, jpg (ບໍ່ເກີນ0.5MB ຕໍ່ຟາຍລ)",,
번역 완료,,"Support file : xlsx, xls, csv (Limit 5 MB)","Support file : xlsx, xls, csv (Limit 5 MB)","ຮອງຮັບຟາຍ: xlsx, xls, csv (ຈຳກັດ 5MB)",,
번역 완료,,"Support file: png, jpeg, jpg (Limit 0.5MB)","Support file: png, jpeg, jpg (Limit 0.5MB)","ຮອງຮັບຟາຍ: png, jpeg, jpg (ຈຳກັດ 0.5MB)",,
번역 완료,,"Support file: png, jpeg, jpg (Limit 1MB)","Support file: png, jpeg, jpg (Limit 1MB)","ຮອງຮັບຟາຍ: png, jpeg, jpg (ຈຳກັດ 1MB)",,
번역 완료,,SUV,SUV,ລົດຈິບ,,
번역 완료,,Taillamps,Taillamps,ໄຟທ້າຍ,,
번역 완료,,Tax,Tax,ພາສີ,,
번역 완료,,Tel.,Tel.,ໂທ.,,
번역 완료,,Test drive,Test drive,ທົດລອງຂັບ,,
번역 완료,,Test drive details,Test drive details,ລາຍລະອຽດທົດລອງຂັບ,,
번역 완료,,Test drive requested date,Test drive requested date,ວັນທີ່ຮ້ອງຂໍທົດລອງຂັບ,,
번역 완료,,The account information has been changed.,The account information has been changed.,ຂໍ້ມູນບັນຊີ ໄດ້ຖືກປ່ຽນແປງແລ້ວ.,,
번역 완료,,The allowed photo size is 1440x160px.,The allowed photo size is 1440x160px.,ຂະໜາດຮູບທີ່ອະນຸຍາດແມ່ນ 1440x160px.,,
번역 완료,,The allowed photo size is 1440x320px.,The allowed photo size is 1440x320px.,ຂະໜາດຮູບທີ່ອະນຸຍາດແມ່ນ 1440x320px.,,
번역 완료,,The allowed photo size is 1440x400px.,The allowed photo size is 1440x400px.,ຂະໜາດຮູບທີ່ອະນຸຍາດແມ່ນ 1440x400px.,,
번역 완료,,The banner has already been deleted.,The banner has already been deleted.,ປ້າຍໂຄສະນາ ຖືກລຶບອອກແລ້ວ.,,
번역 완료,,The banner has been added.,The banner has been added.,ປ້າຍໂຄສະນາ ຖືກເພີ່ມເຂົ້າແລ້ວ.,,
번역 완료,,The banner has been deleted.,The banner has been deleted.,ປ້າຍໂຄສະນາ ຖືກລຶບອອກແລ້ວ.,,
번역 완료,,The banner has been updated.,The banner has been updated.,ປ້າຍໂຄສະນາໄດ້ມີການອັບເດດ.,,
번역 완료,,The banner Information has been changed.,The banner Information has been changed.,ຂໍ້ມູນ ປ້າຍໂຄສະນາ ຖືກປ່ຽນແປງແລ້ວ.,,
번역 완료,,The banners will be shown on the added orders.,The banners will be shown on the added orders.,ປ້າຍໂຄສະນາທີ່ສະແດງແມ່ນເພີ່ມການຈັດລຽງໃຫມ່,,
번역 완료,,The branch has already been deleted.,The branch has already been deleted.,ສາຂາໄດ້ຖືກລຶບໄປແລ້ວ.,,
번역 완료,,The brand name seems to be written incorrectly. Please check it once again.,The brand name seems to be written incorrectly. Please check it once again.,ຊື່ຍີ່ຫໍ້ ທ່ານຂຽນບໍ່ຖືກຕ້ອງ. ກະລຸນາກວດສອບໃຫມ່ອີກຄັ້ງ.,,
번역 완료,,The car has been added successfully.,The car has been added successfully.,ລົດໄດ້ຖືກເພີ່ມສໍາເລັດ,,
번역 완료,,The car has been edited successfully.,The car has been edited successfully.,ລົດໄດ້ຖືກແກ້ໄຂສໍາເລັດ,,
번역 완료,,The file cannot exceed more than 0.5MB.,The file cannot exceed more than 0.5MB.,ໄຟລ໌ຕ້ອງມີຂະໜາດບໍ່ເກີນ 0.5MB.,,
번역 완료,,The file cannot exceed more than 1MB.,The file cannot exceed more than 1MB.,ໄຟລ໌ຕ້ອງມີຂະໜາດບໍ່ເກີນ 1MB.,,
번역 완료,,The file cannot exceed more than 5MB.,The file cannot exceed more than 5MB.,ໄຟລ໌ຕ້ອງມີຂະໜາດບໍ່ເກີນ 5MB.,,
번역 완료,,The file size cannot exceed 5MB.,The file size cannot exceed 5MB.,ຂະຫນາດຮູບບໍ່ສາມາດເກີນ 5MB.,,
번역 완료,,The inquiry has already been answered.,The inquiry has already been answered.,ຂໍ້ຊັກຖາມ ໄດ້ຖືກຕອບກັບແລ້ວ.,,
번역 완료,,The manager account has already been deleted.,The manager account has already been deleted.,ບັນຊີຜູ້ຈັດການໄດ້ຖືກລຶບໄປແລ້ວ.,,
번역 완료,,The manager account has been added.,The manager account has been added.,ບັນຊີຜູ້ຈັດການ ໄດ້ຖືກເພີ່ມແລ້ວ,,
번역 완료,,The manager account has been deleted.,The manager account has been deleted.,ບັນຊີຜູ້ຈັດການ ໄດ້ຖືກລຶບແລ້ວ,,
번역 완료,,The manager account information has been changed.,The manager account information has been changed.,ບັນຊີຜູ້ຈັດການ ໄດ້ຖືກປ່ຽນແປງແລ້ວ,,
번역 완료,,The native ad has already been deleted.,The native ad has already been deleted.,ໂຄສະນາໄດ້ຖືກລຶບແລ້ວ.,,
번역 완료,,The native ad has been added.,The native ad has been added.,ໂຄສະນາໄດ້ຖືກເພີ່ມແລ້ວ.,,
번역 완료,,The native ad has been deleted.,The native ad has been deleted.,ໂຄສະນາໄດ້ຖືກລຶບແລ້ວ.,,
번역 완료,,The native ad has been updated.,The native ad has been updated.,ໂຄສະນາໄດ້ມີການອັບເດດ..,,
번역 완료,,The native ad information has been revised successfully.,The native ad information has been revised successfully.,ຂໍ້ມູນການໂຄສະນາເພື່ອບອກຕໍ່ໄດ້ຖືກປັບປຸງໃຫມ່ຢ່າງສໍາເລັດແລ້ວ.,,
번역 완료,,The notice has been added.,The notice has been added.,ແຈ້ງການ ໄດ້ຖືກເພີ່ມເຂົ້າແລ້ວ.,,
번역 완료,,The notice has been changed.,The notice has been changed.,ແຈ້ງການ ໄດ້ຖືກປ່ຽນແປງແລ້ວ.,,
번역 완료,,The notice has been deleted.,The notice has been deleted.,ແຈ້ງການ ໄດ້ຖືກລຶບແລ້ວ.,,
번역 완료,,The notice has been pinned.,The notice has been pinned.,ແຈ້ງການໄດ້ຖືກປັກໝຸດແລ້ວ.,,
번역 완료,,The notice has been unpinned.,The notice has been unpinned.,ແຈ້ງການ ໄດ້ຖືກຖອນປັກໝຸດແລ້ວ.,,
번역 완료,,The option name you've entered already exists.,The option name you've entered already exists.,ຊື່ື່ອອບຊັ່ນທີ່ທ່ານໃສ່ ມີໃນລະບົບແລ້ວ,,
번역 완료,,The popup added will be shown on the added orders,The popup added will be shown on the added orders,ການແຈ້ງເຕືອນທີ່ເພີ່ມຈະສະແດງຢູ່ໃນຄໍາສັ່ງ,,
번역 완료,,The popup has already been deleted.,The popup has already been deleted.,ການແຈ້ງເຕືອນໄດ້ຖືກລຶບແລ້ວ.,,
번역 완료,,The popup has been added.,The popup has been added.,ເພີ່ມການແຈ້ງເຕືອນແລ້ວ.,,
번역 완료,,The popup has been deleted.,The popup has been deleted.,ການແຈ້ງເຕືອນຖືກລຶບແລ້ວ.,,
번역 완료,,The popup has been updated.,The popup has been updated.,ການແຈ້ງເຕືອນໄດ້ຖືກອັບເດດແລ້ວ.,,
번역 완료,,The popup status has been changed successfully.,The popup status has been changed successfully.,ສະຖານະການແຈ້ງເຕືອນໄດ້ຖືກປ່ຽນແປງສໍາເລັດ.,,
번역 완료,,The price and photo(s) have been registered successfully.,The price and photo(s) have been registered successfully.,ລາຄາ ແລະ ຮູບໄດ້ລົງທະບຽນສຳເລັດແລ້ວ.,,
번역 완료,,The purchase inquiry has been canceled successfully.,The purchase inquiry has been canceled successfully.,ການສອບຖາມກ່ຽວກັບການຊື້ລົດໄດ້ຖືກຍົກເລີກແລ້ວ.,,
번역 완료,,The requested page could not be found. Please check that the address on the page you entered is correct,The requested page could not be found. Please check that the address on the page you entered is correct,ບໍ່ສາມາດຊອກຫາໜ້າທີ່ຮ້ອງຂໍໄດ້. ກະລຸນາກວດເບິ່ງວ່າທີ່ຢູ່ໃນໜ້າທີ່ທ່ານລະບຸນັ້ນຖືກຕ້ອງ,,
번역 완료,,The specifcations and options have been registered successfully.,The specifcations and options have been registered successfully.,ຂໍ້ມູນສະເພາະ ແບະ ອອບຊັ່ນລົດ ໄດ້ຖືກປ່ຽນແປງສໍາເລັດ,,
번역 완료,,The update version has been edited successfully.,The update version has been edited successfully.,ເວີຊັນປັບປຸງໄດ້ຖືກແກ້ໄຂແລ້ວ.,,
번역 완료,,The verification code is incorrect.,The verification code is incorrect.,ລະຫັດຢືນຢັນບໍ່ຖືກຕ້ອງ.,,
번역 완료,,There aren't any customers registered.,There aren't any customers registered.,ບໍ່ມີລູກຄ້າລົງທະບຽນ,,
번역 완료,,There aren't any frame numbers registered. Please check whether the frame number is registered or not.,There aren't any frame numbers registered. Please check whether the frame number is registered or not.,ບໍ່ມີເລັກຖັງທີ່ບັນທຶກໄວ້ ກະລຸນາກວດກາເລັກຖັງວ່າໄດ້ບັນທຶກແລ້ວຫລືຍັງ,,
번역 완료,,There isn't any photo registered.,There isn't any photo registered.,ບໍ່ມີຮູບພາບທີ່ລົງທະບຽນໄວ້,,
번역 완료,,This car is fully ready to be on sales,This car is fully ready to be on sales,ລົດຄັນນີ້ພ້ອມແລ້ວໃນການຂາຍ,,
번역 완료,,This car is under inspection,This car is under inspection,ລົດຄັນນີ້ຢູ່ໃນລະຫວ່າງການກວດສອບ,,
번역 완료,,This color name has been already registered.,This color name has been already registered.,ຊື່ຂອງສີນີ້ໄດ້ຖືກລົງທະບຽນແລ້ວ.,,
번역 완료,,This field is mandatory.,This field is mandatory.,ທ່ານມີຄວາມຈໍາເປັນໃສ່ຂໍ້ມູນຊ່ອງນີ້.,,
번역 완료,,This main category color name already exists.,This main category color name already exists.,ຊື່ຂອງປະເພດສີຫຼັກນີ້ມີຢູ່ແລ້ວ.,,
번역 완료,,This sub category color name already exists.,This sub category color name already exists.,ຊື່ຂອງປະເພດສີໝວດໝູ່ຍ່ອຍນີ້ມີຢູ່ແລ້ວ.,,
번역 완료,,Tire size,Tire size,ຂະຫນາດລໍ້,,
번역 완료,,Title,Title,ຫົວຂໍ້,,
번역 완료,,"Title, description","Title, description","ຫົວຂໍ້ , ຄໍາອະທິບາຍ",,
번역 완료,"KKC Admin 캘린더, KKC Inspection 캘린더",To,To,ເຖິງ,,
번역 완료,"KKC Admin 캘린더, KKC Inspection 캘린더",Today,Today,ມື້ນີ້,,
번역 완료,,Today,Today,ມື້ນີ້,,
번역 완료,,Tone,Tone,ໂທນສີ,,
번역 완료,,Top banner,Top banner,ປ້າຍໂຄສະນາເທິງສຸດ,,
번역 완료,,Top speed,Top speed,ຄວາມໄວສູງສຸດ,,
번역 완료,,Transmission,Transmission,ລະບົບເກຍ,,
번역 완료,,Trim,Trim,ຕົບແຕ່ງພາຍໃນ,,
번역 완료,,Trim(price),Trim(price),ຕົບແຕ່ງພາຍໃນ(ລາຄາ),,
번역 완료,,Truck,Truck,ລົດບັນທຸກ,,
번역 완료,,Unable to search. Please check the frame number once again.,Unable to search. Please check the frame number once again.,ບໍ່ສາມາດຄົ້ນຫາໄດ້ ກະລຸນາໃສ່ເລກຖັງອີກຄັ້ງຫນື່ງ,,
번역 완료,,Unconnected,Unconnected,ບໍ່ໄດ້ເຊື່ອມຕໍ່,,
번역 완료,,Underside,Underside,ຊ່ວງລ່າງ,,
번역 완료,,Underside checked,Underside checked,ກວດສະພາບຊ່ວງລ່າງ,,
번역 완료,,Unpin,Unpin,ຖອນປັກໝຸດ,,
번역 완료,,Up to 5 model recommendation can be pinned.,Up to 5 model recommendation can be pinned.,ທ່ານສາມາດເພີ່ມໃສ່ໄດ້ລົດທີ່ແນະນໍາສູງສຸດ 5 ລຸ້ນ,,
번역 완료,,Update,Update,ອັບເດດ,,
번역 완료,,Upload 360° photo,Upload 360° photo,ອັບໂຫລດຮູບກ້ອງ  360°,,
번역 완료,,Upload 360° video,Upload 360° video,ອັບໂຫລດວີດີໂອກ້ອງ  360°,,
번역 완료,,Upload car photo,Upload car photo,ອັບໂຫຼດຮູບລົດ,,
번역 완료,,Upload file,Upload file,ອັບໂຫລດໄຟລ໌,,
번역 완료,,Upload from device,Upload from device,ນຳເຂົ້າ ຈາກເຄື່ອງມືຖື,,
번역 완료,,Upload photo,Upload photo,ອັບໂຫຼດຮູບ,,
번역 완료,,Uploading guideline,Uploading guideline,ຄໍາແນະນໍາໃນການອັບໂຫລດ,,
번역 완료,,URL,URL,ທີ່ຢູ່ເວັບໄຊ,,
번역 완료,,Used car,Used car,ລົດມືສອງ,,
번역 완료,,Used car manager,Used car manager,ຜູ້ຈັດການລົດມືສອງ,,
번역 완료,,Used car(purchase),Used car(purchase),ລົດມືສອງ (ຊື້),,
번역 완료,,Used car(sales),Used car(sales),ລົດມືສອງ (ຂາຍ),,
번역 완료,,VAN,VAN,ລົດຕູ້,,
번역 완료,,Vehicle sales status has been paused.,Vehicle sales status has been paused.,ສະຖານະການຂາຍລົດຖືກຢຸດຊົ່ວຄາວ.,,
번역 완료,,verification Code,verification Code,ລະຫັດຢືນຢັນ,,
번역 완료,,Verify,Verify,ຢືນຢັນ,,
번역 완료,,View exterior,View exterior,ເບິ່ງພາຍນອກ,,
번역 완료,,View interior,View interior,ເບິ່ງພາຍໃນ,,
번역 완료,,Waiting,Waiting,ຄ່ໍາເຕືອນ,,
번역 완료,,Waiting,Waiting,ລໍຖ້າ,,
번역 완료,,Website maintenance notice,Website maintenance notice,ແຈ້ງການບໍາລຸງຮັກສາເວັບໄຊທ໌,,
번역 완료,,WhatsApp number,WhatsApp number,ເບີວ໋ອດແອັບ,,
번역 완료,,Wheel base,Wheel base,ຖານລໍ້,,
번역 완료,,Wheel drive type,Wheel drive type,ປະເພດຂັບເຄື່ອນລໍ້,,
번역 완료,,Wheel type,Wheel type,ປະເພດລໍ້,,
번역 완료,,Wheels and tires,Wheels and tires,ລໍ້ແລະຢາງລົດ,,
번역 완료,,White,White,ຂາວ,,
번역 완료,,Year,Year,ປີ,,
번역 완료,,Yes,Yes,ແມ່ນແລ້ວ,,
번역 완료,,You can change the order by dragging the banner.,You can change the order by dragging the banner.,ທ່ານສາມາດ ຈັດລຽງ ໂດຍການລາກໃຫ້ລຽງຕາມລຳດັບທີ່ຕ້ອງການ.,,
번역 완료,,You can change the status after filling in.,You can change the status after filling in.,ທ່ານສາມາດເລືອກສະຖານະຫລັງຈາກໃສ່ຂໍ້ມູນແລ້ວ,,
번역 완료,,You can change the status after registering all the items.,You can change the status after registering all the items.,ທ່ານສາມາດປ່ຽນສະຖານະ ຫລັງຈາກໄດ້ບັນທຶກທຸກລາຍການ,,
번역 완료,,You can change the status after the car doctor checks all 275 items.,You can change the status after the car doctor checks all 275 items.,ທ່່ານສາມາດປ່ຽນສະຖານະ ຫລັງຈາກຜູ້ກວດສອບລົດ ສໍາເລັດການກວດສອບທັງຫມົດ 275 ລາຍການ,,
번역 완료,,"You can only enter english, number and special characters.","You can only enter english, number and special characters.",ທ່່ານສາມາດໃສ່ໄດ້ພາສາອັງກິດ ຕົວເລກ ແລະ ຕົວອັກສອນພິເສດ ເທົ່ານັ້ນ,,
번역 완료,,You can pin up to 5 posts.,You can pin up to 5 posts.,ປັກໝຸດສູງສຸດໄດ້ 5 ອັນ.,,
번역 완료,,You can upload up to 4 photos.,You can upload up to 4 photos.,ທ່ານສາມາດອັບໂຫຼດຮູບ ສູງສຸດ 4ຮູບ,,
번역 완료,,You can upload up to 10 photos.,You can upload up to 10 photos.,ທ່ານສາມາດອັບໂຫຼດຮູບ ສູງສຸດ 10ຮູບ,,
번역 완료,,You can upload up to 20 photos.,You can upload up to 20 photos.,ທ່ານສາມາດອັບໂຫຼດຮູບ ສູງສຸດ 20ຮູບ,,
번역 완료,,"You cannot modify the details once the productization process is completed, please modify in this process if any revisions are needed. ","You cannot modify the details once the productization process is completed, please modify in this process if any revisions are needed. ","ທ່ານບໍ່ສາມາດແກ້ໄຂລາຍລະອຽດຫລັງຈາກຂັ້ນຕອນການຜະລິດສໍາເລັດ, ກະລຸນາແກ້ໄຂຂັ້ນຕອນນີ້ ຫາກມີມີຄວາມຈໍາເປັນຕ້ອງແກ້ໄຂ",,
번역 완료,,You cannot request for more verification code. Please try again later.,You cannot request for more verification code. Please try again later.,ບັນຊີໄດ້ຖືກລັອກເນື່ອງຈາກມີຄໍາຮ້ອງຂໍລະຫັດຢືນຢັນຫຼາຍຄັ້ງ. ກະລຸນາລອງໃໝ່ໃນພາຍຫຼັງ.,,
번역 완료,,You’re using a web browser we don’t support. Please use one of these options to improve your experience.,You’re using a web browser we don’t support. Please use one of these options to improve your experience.,ທ່ານກໍາລັງໃຊ້ເວັບບຣາວເຊີທີ່ພວກເຮົາບໍ່ຮອງຮັບ. ກະລຸນາໃຊ້ຫນຶ່ງໃນທາງເລືອກເຫຼົ່ານີ້ເພື່ອປັບປຸງປະສົບການຂອງທ່ານ.,,
번역 완료,,Your message has been sent successfully.,Your message has been sent successfully.,ຂໍ້ຄວາມຂອງທ່ານໄດ້ຖືກສົ່ງໄປແລ້ວ.,,